"id","code","name","ar_name","county_code"
"1","0101","Adrar","أدرار","101"
"2","0102","Tamest","تامست","115"
"3","0103","Charouine","شروين","103"
"4","0104","Reggane","رقان","104"
"5","0105","In zghmir","إن زغمير","111"
"6","0106","Tit","تيت","112"
"7","0107","Ksar kaddour","قصر قدور","116"
"8","0108","Tsabit","تسابيت","108"
"9","0109","Timimoun","تيميمون","109"
"10","0110","Ouled said","أولاد السعيد","109"
"11","0111","Zaouiet kounta","زاوية كنتة","111"
"12","0112","Aoulef","أولف","112"
"13","0113","Timekten","تيمقتن","112"
"14","0114","Tamantit","تامنطيط","115"
"15","0115","Fenoughil","فنوغيل","115"
"16","0116","Tinerkouk","تنركوك","116"
"17","0117","Deldoul","دلدول","123"
"18","0118","Sali","سالي","104"
"19","0119","Akabli","اقبلي","112"
"20","0120","Metarfa","المطارفة","123"
"21","0121","Ouled ahmed timmi","أولاد أحمد تيمي","101"
"22","0122","Bouda","بودة","101"
"23","0123","Aougrout","أوقروت","123"
"24","0124","Talmine","طالمين","103"
"25","0125","Bordj badji mokhtar","برج باجي مختار","125"
"26","0126","Sebaa","السبع","108"
"27","0127","Ouled aissa","أولاد عيسى","103"
"28","0128","Timiaouine","تيمياوين","125"
"29","0201","Chlef","الشلف","201"
"30","0202","Tenes","تنس","202"
"31","0203","Benairia","بنايرية","220"
"32","0204","El karimia","الكريمية","204"
"33","0205","Tadjena","تاجنة","222"
"34","0206","Taougrit","تاوقريت","206"
"35","0207","Beni haoua","بني حواء","207"
"36","0208","Sobha","الصبحة","212"
"37","0209","Harchoun","حرشون","204"
"38","0210","Ouled fares","أولاد فارس","210"
"39","0211","Sidi akkacha","سيدي عكاشة","202"
"40","0212","Boukadir","بوقادير","212"
"41","0213","Beni rached","بني راشد","229"
"42","0214","Talassa","تلعصة","222"
"43","0215","Herenfa","الهرانفة","232"
"44","0216","Oued goussine","وادي قوسين","207"
"45","0217","Dahra","الظهرة","206"
"46","0218","Ouled abbes","أولاد عباس","229"
"47","0219","Sendjas","سنجاس","201"
"48","0220","Zeboudja","الزبوجة","220"
"49","0221","Oued sly","وادي سلي","212"
"50","0222","Abou el hassane","أبو الحسن","222"
"51","0223","El marsa","المرسى","223"
"52","0224","Chettia","الشطية","210"
"53","0225","Sidi abderrahmane","سيدي عبد الرحمن","202"
"54","0226","Moussadek","مصدق","223"
"55","0227","El hadjadj","الحجاج","230"
"56","0228","Labiod medjadja","الأبيض مجاجة","210"
"57","0229","Oued fodda","وادي الفضة","229"
"58","0230","Ouled ben abdelkader","أولاد بن عبد القادر","230"
"59","0231","Bouzeghaia","بوزغاية","220"
"60","0232","Ain merane","عين مران","232"
"61","0233","Oum drou","أم الدروع","201"
"62","0234","Breira","بريرة","207"
"63","0235","Beni  bouattab","بني بوعتاب","204"
"64","0301","Laghouat","الأغواط","301"
"65","0302","Ksar el hirane","قصر الحيران","302"
"66","0303","Benacer benchohra","بن ناصر بن شهرة","302"
"67","0304","Sidi makhlouf","سيدي مخلوف","304"
"68","0305","Hassi delaa","حاسي الدلاعة","306"
"69","0306","Hassi r'mel","حاسي الرمل","306"
"70","0307","Ain madhi","عين ماضي","307"
"71","0308","Tadjemout","تاجموت","307"
"72","0309","Kheneg","الخنق","307"
"73","0310","Gueltat sidi saad","قلتة سيدي سعد","310"
"74","0311","Ain sidi ali","عين سيدي علي","310"
"75","0312","El beidha","البيضاء","310"
"76","0313","Brida","بريدة","313"
"77","0314","El ghicha","الغيشة","314"
"78","0315","Hadj mechri","الحاج مشري","313"
"79","0316","Sebgag","سبقاق","319"
"80","0317","Taouiala","تاويالة","313"
"81","0318","Tadjrouna","تاجرونة","307"
"82","0319","Aflou","أفلو","319"
"83","0320","El assafia","العسافية","304"
"84","0321","Oued morra","وادي مرة","321"
"85","0322","Oued m'zi","وادي مزي","321"
"86","0323","El haouaita","الحويطة","307"
"87","0324","Sidi bouzid","سيدي بوزيد","319"
"88","0401","Oum el bouaghi","أم البواقي","401"
"89","0402","Ain beida","عين البيضاء","402"
"90","0403","Ain m'lila","عين مليلة","403"
"91","0404","Behir chergui","بحير الشرقي","424"
"92","0405","El amiria","العامرية","406"
"93","0406","Sigus","سيقوس","406"
"94","0407","El belala","البلالة","424"
"95","0408","Ain babouche","عين ببوش","408"
"96","0409","Berriche","بريش","402"
"97","0410","Ouled hamla","أولاد حملة","403"
"98","0411","Dhalaa","الضلعة","411"
"99","0412","Ain kercha","عين كرشة","412"
"100","0413","Hanchir toumghani","هنشير تومغني","412"
"101","0414","El djazia","الجازية","411"
"102","0415","Ain diss","عين الديس","408"
"103","0416","Fkirina","فكيرينة","416"
"104","0417","Souk naamane","سوق نعمان","417"
"105","0418","Zorg","الزرق","402"
"106","0419","El fedjoudj boughrara sa","الفجوج بوغرارة سعودي","425"
"107","0420","Ouled zouai","أولاد زواي","417"
"108","0421","Bir chouhada","بئر الشهداء","417"
"109","0422","Ksar sbahi","قصر الصباحي","422"
"110","0423","Oued nini","وادي نيني","416"
"111","0424","Meskiana","مسكيانة","424"
"112","0425","Ain fekroun","عين فكرون","425"
"113","0426","Rahia","الرحية","424"
"114","0427","Ain zitoun","عين الزيتون","401"
"115","0428","Ouled gacem","أولاد قاسم","403"
"116","0429","El harmilia","الحرملية","412"
"117","0501","Batna","باتنة","501"
"118","0502","Ghassira","غسيرة","544"
"119","0503","Maafa","معافة","545"
"120","0504","Merouana","مروانة","504"
"121","0505","Seriana","سريانة","505"
"122","0506","Menaa","منعة","506"
"123","0507","El madher","المعذر","507"
"124","0508","Tazoult","تازولت","508"
"125","0509","N gaous","نقاوس","509"
"126","0510","Guigba","القيقبة","551"
"127","0511","Inoughissen","إينوغيسن","530"
"128","0512","Ouyoun el assafir","عيون العصافير","508"
"129","0513","Djerma","جرمة","507"
"130","0514","Bitam","بيطام","542"
"131","0515","Azil abedelkader","عزيل عبد القادر","543"
"132","0516","Arris","أريس","516"
"133","0517","Kimmel","كيمل","544"
"134","0518","Tilatou","تيلاطو","529"
"135","0519","Ain djasser","عين جاسر","519"
"136","0520","Ouled sellem","أولاد سلام","551"
"137","0521","Tigharghar","تغرغار","506"
"138","0522","Ain yagout","عين ياقوت","507"
"139","0523","Fesdis","فسديس","501"
"140","0524","Sefiane","سفيان","509"
"141","0525","Rahbat","الرحبات","551"
"142","0526","Tighanimine","تيغانمين","516"
"143","0527","Lemcene","لمسان","553"
"144","0528","Ksar bellezma","قصر بلزمة","504"
"145","0529","Seggana","سقانة","529"
"146","0530","Ichemoul","إشمول","530"
"147","0531","Foum toub","فم الطوب","530"
"148","0532","Beni foudhala el hakania","بني فضالة الحقانية","545"
"149","0533","Oued el ma","وادي الماء","504"
"150","0534","Talkhamt","تالخمت","551"
"151","0535","Bouzina","بوزينة","535"
"152","0536","Chemora","الشمرة","536"
"153","0537","Oued chaaba","وادي الشعبة","501"
"154","0538","Taxlent","تاكسلانت","553"
"155","0539","Gosbat","القصبات","551"
"156","0540","Ouled aouf","أولاد عوف","545"
"157","0541","Boumagueur","بومقر","509"
"158","0542","Barika","بريكة","542"
"159","0543","Djezzar","الجزار","543"
"160","0544","T kout","تكوت","544"
"161","0545","Ain touta","عين التوتة","545"
"162","0546","Hidoussa","حيدوسة","504"
"163","0547","Teniet el abed","ثنية العابد","547"
"164","0548","Oued taga","وادي الطاقة","547"
"165","0549","Ouled fadel","أولاد فاضل","550"
"166","0550","Timgad","تيمقاد","550"
"167","0551","Ras el aioun","رأس العيون","551"
"168","0552","Chir","شير","547"
"169","0553","Ouled si slimane","أولاد سي سليمان","553"
"170","0554","Zanet el beida","زانة البيضاء","505"
"171","0555","M doukal","إمدوكل","542"
"172","0556","Ouled ammar","أولاد عمار","543"
"173","0557","El hassi","الحاسي","519"
"174","0558","Lazrou","لازرو","505"
"175","0559","Boumia","بومية","507"
"176","0560","Boulhilat","بولهيلات","536"
"177","0561","Larbaa","لارباع","535"
"178","0601","Bejaia","بجاية","601"
"179","0602","Amizour","أميزور","602"
"180","0603","Feraoun","فرعون","602"
"181","0604","Taourit ighil","تاوريرت إغيل","624"
"182","0605","Chellata","شلاطة","625"
"183","0606","Tamokra","تامقرة","625"
"184","0607","Timezrit","تيمزريت","607"
"185","0608","Souk el tenine","سوق لإثنين","608"
"186","0609","M'cisna","مسيسنة","626"
"187","0610","Tinebdar","تينبدار","639"
"188","0611","Tichy","تيشي","611"
"189","0612","Smaoun","سمعون","602"
"190","0613","Kendira","كنديرة","634"
"191","0614","Tifra","تيفرة","639"
"192","0615","Ighram","اغرم","625"
"193","0616","Amalou","أمالو","626"
"194","0617","Ighil-ali","إغيل علي","617"
"195","0618","Fenaia il maten","فناية الماثن","640"
"196","0619","Toudja","توجة","640"
"197","0620","Darguina","درقينة","620"
"198","0621","Sidi ayad","سيدي عياد","639"
"199","0622","Aokas","أوقاس","622"
"200","0623","Beni djellil","بني جليل","602"
"201","0624","Adekar","أدكار","624"
"202","0625","Akbou","أقبو","625"
"203","0626","Seddouk","صدوق","626"
"204","0627","Tazmalt","تازمالت","627"
"205","0628","Ait r'zine","أيت رزين","617"
"206","0629","Chemini","شميني","629"
"207","0630","Souk oufella","سوق اوفلا","629"
"208","0631","Taskriout","تاسكريوت","620"
"209","0632","Tibane","طيبان","629"
"210","0633","Tala hamza","تالة حمزة","611"
"211","0634","Barbacha","برباشة","634"
"212","0635","Beni k'sila","بني كسيلة","624"
"213","0636","Ouzellaguen","أوزلاقن","636"
"214","0637","Bouhamza","بوحمزة","626"
"215","0638","Beni-mallikeche","بني مليكش","627"
"216","0639","Sidi-aich","سيدي عيش","639"
"217","0640","El kseur","القصر","640"
"218","0641","Melbou","مالبو","608"
"219","0642","Akfadou","أكفادو","629"
"220","0643","Leflaye","الفلاي","639"
"221","0644","Kherrata","خراطة","644"
"222","0645","Dra el caid","ذراع القايد","644"
"223","0646","Tamridjet","تامريجت","608"
"224","0647","Ait-smail","أيت إسماعيل","620"
"225","0648","Boukhelifa","بوخليفة","611"
"226","0649","Tizi-n'berber","تيزي نبربر","622"
"227","0650","Benimaouche","بني معوش","650"
"228","0651","Oued ghir","وادي غير","601"
"229","0652","Boudjellil","بو جليل","627"
"230","0701","Biskra","بسكرة","701"
"231","0702","Oumache","أوماش","724"
"232","0703","Branis","برانيس","720"
"233","0704","Chetma","شتمة","711"
"234","0705","Ouled djellal","أولاد جلال","705"
"235","0706","Ras el miad","رأس الميعاد","708"
"236","0707","Besbes","بسباس","708"
"237","0708","Sidi khaled","سيدي  خالد","708"
"238","0709","Doucen","الدوسن","705"
"239","0710","Chaiba","الشعيبة","705"
"240","0711","Sidi okba","سيدي عقبة","711"
"241","0712","M'chouneche","مشونش","712"
"242","0713","El haouch","الحوش","711"
"243","0714","Ain naga","عين الناقة","711"
"244","0715","Zeribet el oued","زريبة الوادي","715"
"245","0716","El feidh","الفيض","715"
"246","0717","El kantara","القنطرة","717"
"247","0718","Ain zaatout","عين زعطوط","717"
"248","0719","El outaya","الوطاية","719"
"249","0720","Djemorah","جمورة","720"
"250","0721","Tolga","طولقة","721"
"251","0722","Lioua","ليوة","724"
"252","0723","Lichana","ليشانة","721"
"253","0724","Ourlal","أورلال","724"
"254","0725","M'lili","مليلي","724"
"255","0726","Foughala","فوغالة","726"
"256","0727","Bordj ben azzouz","برج بن عزوز","721"
"257","0728","Meziraa","المزيرعة","715"
"258","0729","Bouchakroun","بوشقرون","721"
"259","0730","Mekhadma","مخادمة","724"
"260","0731","El ghrous","الغروس","726"
"261","0732","El hadjab","الحاجب","701"
"262","0733","Khenguet sidi nadji","خنقة سيدي ناجي","715"
"263","0801","Bechar","بشار","801"
"264","0802","Erg-ferradj","عرق فراج","817"
"265","0803","Ouled-khodeir","أولاد خضير","803"
"266","0804","Meridja","المريجة","810"
"267","0805","Timoudi","تيمودي","818"
"268","0806","Lahmar","لحمر","806"
"269","0807","Beni-abbes","بني عباس","807"
"270","0808","Beni-ikhlef","بن يخلف","818"
"271","0809","Machraa-houari-boumediene","مشرع هواري بومدين","817"
"272","0810","Kenadsa","القنادسة","810"
"273","0811","Igli","إقلي","811"
"274","0812","Tabelbala","تبلبالة","812"
"275","0813","Taghit","تاغيت","813"
"276","0814","El ouata","الواتة","814"
"277","0815","Boukais","بوكايس","806"
"278","0816","Mogheul","موغل","806"
"279","0817","Abadla","العبادلة","817"
"280","0818","Kerzaz","كرزاز","818"
"281","0819","Ksabi","القصابي","803"
"282","0820","Tamtert","تامترت","807"
"283","0821","Beni-ounif","بني ونيف","821"
"284","0901","Blida","البليدة","901"
"285","0902","Chebli","الشبلي","903"
"286","0903","Bouinan","بوعينان","903"
"287","0904","Oued el alleug","وادي العلايق","904"
"288","0905","Ouled yaich","أولاد يعيش","905"
"289","0906","Chrea","الشريعة","905"
"290","0907","El-affroun","العفرون","907"
"291","0908","Chiffa","الشفة","912"
"292","0909","Hammam elouane","حمام ملوان","922"
"293","0910","Benkhelil","بن خليل","904"
"294","0911","Soumaa","الصومعة","916"
"295","0912","Mouzaia","موزاية","912"
"296","0913","Souhane","صوحان","917"
"297","0914","Meftah","مفتاح","914"
"298","0915","Ouled slama","اولاد سلامة","922"
"299","0916","Boufarik","بوفاريك","916"
"300","0917","Larbaa","الأربعاء","917"
"301","0918","Oued  djer","وادي جر","907"
"302","0919","Beni-tamou","بني تامو","904"
"303","0920","Bouarfa","بوعرفة","901"
"304","0921","Beni mered","بني مراد","905"
"305","0922","Bougara","بوقرة","922"
"306","0923","Guerrouaou","قرواو","916"
"307","0924","Ain romana","عين الرمانة","912"
"308","0925","Djebabra","جبابرة","914"
"309","1001","Bouira","البويرة","1001"
"310","1002","El asnam","الأسنام","1033"
"311","1003","Guerrouma","قرومة","1013"
"312","1004","Souk el khemis","سوق الخميس","1004"
"313","1005","Kadiria","قادرية","1005"
"314","1006","Hanif","حنيف","1037"
"315","1007","Dirah","ديرة","1038"
"316","1008","Ait laaziz","أيت لعزيز","1001"
"317","1009","Taghzout","تاغزوت","1012"
"318","1010","Raouraoua","روراوة","1036"
"319","1011","Mezdour","مزدور","1018"
"320","1012","Haizer","حيزر","1012"
"321","1013","Lakhdaria","الأخضرية","1013"
"322","1014","Maala","معلة","1013"
"323","1015","El hachimia","الهاشمية","1015"
"324","1016","Aomar","أعمر","1005"
"325","1017","Chorfa","شرفة","1037"
"326","1018","Bordj okhriss","برج أوخريص","1018"
"327","1019","El adjiba","العجيبة","1033"
"328","1020","El-hakimia","الحاكمية","1038"
"329","1021","El khabouzia","الخبوزية","1036"
"330","1022","Ahl el ksar","أهل القصر","1033"
"331","1023","Bouderbala","بودربالة","1013"
"332","1024","Z'barbar (el isseri )","زبربر","1013"
"333","1025","Ain el hadjar","عين الحجر","1035"
"334","1026","Djebahia","جباحية","1005"
"335","1027","Aghbalou","أغبالو","1037"
"336","1028","Taguedite","تاقديت","1018"
"337","1029","Ain turk","عين الترك","1001"
"338","1030","Saharidj","سحاريج","1037"
"339","1031","Dechmia","الدشمية","1038"
"340","1032","Ridane","ريدان","1038"
"341","1033","Bechloul","بشلول","1033"
"342","1034","Boukram","بوكرم","1013"
"343","1035","Ain-bessem","عين بسام","1035"
"344","1036","Bir ghbalou","بئر غبالو","1036"
"345","1037","M chedallah","أمشدالة","1037"
"346","1038","Sour el ghozlane","سور الغزلان","1038"
"347","1039","Maamora","المعمورة","1038"
"348","1040","Ouled rached","أولاد راشد","1033"
"349","1041","Ain laloui","عين العلوي","1035"
"350","1042","Hadjera zerga","الحجرة الزرقاء","1018"
"351","1043","Ath mansour","آث  منصور","1037"
"352","1044","El-mokrani","المقراني","1004"
"353","1045","Oued el berdi","وادي البردي","1015"
"354","1101","Tamanrasset","تمنراست","1101"
"355","1102","Abelsa","ابلسة","1102"
"356","1103","Inghar","إينغر","1103"
"357","1104","Ain guezzam","عين قزام","1104"
"358","1104","Ain guezzam","عين قزام","1104"
"359","1105","Idles","أدلس","1106"
"360","1106","Tazrouk","تاظروك","1106"
"361","1107","Tin zouatine","تين زواتين","1107"
"362","1108","Ain salah","عين صالح","1108"
"363","1108","Ain salah","عين صالح","1108"
"364","1109","Ain amguel","عين امقل","1101"
"365","1110","Foggaret ezzoua","فقارة الزوى","1108"
"366","1110","Foggaret ezzoua","فقارة الزوى","1108"
"367","1201","Tebessa","تبسة","1201"
"368","1202","Bir-el-ater","بئر العاتر","1202"
"369","1203","Cheria","الشريعة","1203"
"370","1204","Stah guentis","سطح قنطيس","1213"
"371","1205","El-aouinet","العوينات","1205"
"372","1206","El-houidjbet","الحويجبات","1220"
"373","1207","Saf saf el ouesra","صفصاف الوسرى","1221"
"374","1208","Hammamet","الحمامات","1210"
"375","1209","Negrine","نقرين","1209"
"376","1210","Bir mokkadem","بئر مقدم","1210"
"377","1211","El kouif","الكويف","1211"
"378","1212","Morsott","مرسط","1212"
"379","1213","El ogla","العقلة","1213"
"380","1214","Bir dheheb","بئر الذهب","1212"
"381","1215","El ogla el malha","العقلة المالحة","1202"
"382","1216","Guorriguer","قريقر","1210"
"383","1217","Bekkaria","بكارية","1211"
"384","1218","Boukhadra","بوخضرة","1205"
"385","1219","Ouenza","الونزة","1219"
"386","1220","El malabiod","الماء الابيض","1220"
"387","1221","Oum ali","أم علي","1221"
"388","1222","Telidjen","ثليجان","1203"
"389","1223","Ain zerga","عين الزرقاء","1219"
"390","1224","El meridj","المريج","1219"
"391","1225","Boulhaf dyr","بولحاف الدير","1211"
"392","1226","Bedjene","بجن","1213"
"393","1227","El mezeraa","المزرعة","1213"
"394","1228","Ferkane","فركان","1209"
"395","1301","Tlemcen","تلمسان","1301"
"396","1302","Beni mester","بني مستر","1351"
"397","1303","Ain tellout","عين تالوت","1303"
"398","1304","Remchi","الرمشي","1304"
"399","1305","El fehoul","الفحول","1304"
"400","1306","Sabra","صبرة","1306"
"401","1307","Ghazaouet","الغزوات","1307"
"402","1308","Souani","السواني","1318"
"403","1309","Djebala","جبالة","1340"
"404","1310","El gor","القور","1335"
"405","1311","Oued lakhdar","وادي الخضر","1313"
"406","1312","Ain fezza","عين فزة","1350"
"407","1313","Ouled mimoun","أولاد ميمون","1313"
"408","1314","Amieur","عمير","1350"
"409","1315","Ain youcef","عين يوسف","1304"
"410","1316","Zenata","زناتة","1326"
"411","1317","Beni snous","بني سنوس","1317"
"412","1318","Bab el assa","باب العسة","1318"
"413","1319","Dar yaghmoracen","دار يغمراسن","1307"
"414","1320","Fellaoucene","فلاوسن","1320"
"415","1321","Azail","العزايل","1317"
"416","1322","Sebbaa chioukh","سبعة شيوخ","1304"
"417","1323","Terny beni hediel","تيرني بني هديل","1351"
"418","1324","Bensekrane","بن سكران","1324"
"419","1325","Ain nehala","عين النحالة","1303"
"420","1326","Hennaya","الحناية","1326"
"421","1327","Maghnia","مغنية","1327"
"422","1328","Hammam boughrara","حمام بوغرارة","1327"
"423","1329","Souahlia","السواحلية","1307"
"424","1330","M'sirda fouaga","مسيردة الفواقة","1339"
"425","1331","Ain fetah","عين فتاح","1320"
"426","1332","El aricha","العريشة","1335"
"427","1333","Souk tleta","سوق الثلاثاء","1318"
"428","1334","Sidi abdelli","سيدي العبدلي","1324"
"429","1335","Sebdou","سبدو","1335"
"430","1336","Beni ouarsous","بني وارسوس","1304"
"431","1337","Sidi medjahed","سيدي مجاهد","1338"
"432","1338","Beni boussaid","بني بوسعيد","1338"
"433","1339","Marsa ben m'hidi","مرسى بن مهيدي","1339"
"434","1340","Nedroma","ندرومة","1340"
"435","1341","Sidi djillali","سيدي الجيلالي","1341"
"436","1342","Beni bahdel","بني بهدل","1317"
"437","1343","Bouihi","البويهي","1341"
"438","1344","Honnaine","هنين","1344"
"439","1345","Tianet","تيانت","1307"
"440","1346","Ouled riyah","أولاد رياح","1326"
"441","1347","Bouhlou","بوحلو","1306"
"442","1348","Beni khellad","بني خلاد","1344"
"443","1349","Ain ghoraba","عين غرابة","1351"
"444","1350","Chetouane","شتوان","1350"
"445","1351","Mansourah","منصورة","1351"
"446","1352","Beni smiel","بني صميل","1313"
"447","1353","Ain kebira","عين الكبيرة","1320"
"448","1401","Tiaret","تيارت","1401"
"449","1402","Medroussa","مدروسة","1402"
"450","1403","Ain bouchekif","عين بوشقيف","1413"
"451","1404","Sidi ali mellal","سيدي علي ملال","1433"
"452","1405","Ain dzarit","عين دزاريت","1415"
"453","1406","Ain deheb","عين الذهب","1406"
"454","1407","Sidi bakhti","سيدي بختي","1402"
"455","1408","Medrissa","مدريسة","1428"
"456","1409","Zmalet el emir abdelkade","زمالة  الأمير عبد القادر","1429"
"457","1410","Madna","مادنة","1428"
"458","1411","Sebt","السبت","1421"
"459","1412","Mellakou","ملاكو","1402"
"460","1413","Dahmouni","دحموني","1413"
"461","1414","Rahouia","الرحوية","1414"
"462","1415","Mahdia","مهدية","1415"
"463","1416","Sougueur","السوقر","1416"
"464","1417","Si abdelghani","سي عبد الغني","1416"
"465","1418","Ain el hadid","عين الحديد","1427"
"466","1419","Djebilet rosfa","جبيلات الرصفاء","1428"
"467","1420","Naima","النعيمة","1406"
"468","1421","Meghila","مغيلة","1421"
"469","1422","Guertoufa","قرطوفة","1414"
"470","1423","Sidi hosni","سيدي حسني","1421"
"471","1424","Djillali ben amar","جيلالي بن عمار","1434"
"472","1425","Sebaine","السبعين","1415"
"473","1426","Tousnina","توسنينة","1416"
"474","1427","Frenda","فرندة","1427"
"475","1428","Ain kermes","عين كرمس","1428"
"476","1429","Ksar chellala","قصر الشلالة","1429"
"477","1430","Rechaiga","الرشايقة","1435"
"478","1431","Nadorah","الناظورة","1415"
"479","1432","Tagdempt","تاقدمت","1434"
"480","1433","Oued lilli","وادي ليلي","1433"
"481","1434","Mechraa safa","مشرع الصفا","1434"
"482","1435","Hamadia","حمادية","1435"
"483","1436","Chehaima","شحيمة","1406"
"484","1437","Takhemaret","تخمرت","1427"
"485","1438","Sidi abderrahmane","سيدي عبد الرحمن","1428"
"486","1439","Serghine","سرغين","1429"
"487","1440","Bougara","بوقرة","1435"
"488","1441","Faidja","الفايجة","1416"
"489","1442","Tidda","تيدة","1433"
"490","1501","Tizi-ouzou","تيزي وزو","1501"
"491","1502","Ain-el-hammam","عين الحمام","1502"
"492","1503","Akbil","اقبيل","1502"
"493","1504","Freha","فريحة","1518"
"494","1505","Souama","صوامـــع","1550"
"495","1506","Mechtras","مشطراس","1540"
"496","1507","Irdjen","إيرجـــن","1521"
"497","1508","Timizart","تيمـيزار","1524"
"498","1509","Makouda","ماكودة","1509"
"499","1510","Draa-el-mizan","ذراع الميزان","1510"
"500","1511","Tizi-gheniff","تيزي غنيف","1511"
"501","1512","Bounouh","بونوح","1540"
"502","1513","Ait-chafaa","أيت شافع","1537"
"503","1514","Frikat","فريقات","1510"
"504","1515","Beni-aissi","بني عيسي","1532"
"505","1516","Beni zmenzer","بنــــي زمنزار","1532"
"506","1517","Iferhounene","إفــرحــونان","1517"
"507","1518","Azazga","عزازقة","1518"
"508","1519","Illoula oumalou","إيلولة أومـــالو","1534"
"509","1520","Yakourene","إعــكورن","1518"
"510","1521","Larbaa nath irathen","الأربعــاء ناث إيراثن","1521"
"511","1522","Tizi-rached","تيزي راشد","1522"
"512","1523","Zekri","زكري","1518"
"513","1524","Ouaguenoun","واقنون","1524"
"514","1525","Ain-zaouia","عين الزاوية","1510"
"515","1526","M'kira","مكيرة","1511"
"516","1527","Ait-yahia","أيت يحيى","1502"
"517","1528","Ait-mahmoud","أيت محمود","1532"
"518","1529","Maatkas","معـــاتقة","1529"
"519","1530","Ait boumahdi","أيت بومهدي","1548"
"520","1531","Abi-youcef","أبي يوسف","1502"
"521","1532","Beni-douala","بني دوالة","1532"
"522","1533","Illilten","إيلـيــلتـن","1517"
"523","1534","Bouzeguene","بوزقــن","1534"
"524","1535","Ait aggouacha","أيت عقـواشة","1521"
"525","1536","Ouadhias","واضية","1536"
"526","1537","Azeffoun","أزفون","1537"
"527","1538","Tigzirt","تيقـزيرت","1538"
"528","1539","Ait-aissa-mimoun","أيت عيسى ميمون","1524"
"529","1540","Boghni","بوغني","1540"
"530","1541","Ifigha","إيفيغاء","1518"
"531","1542","Ait-oumalou","أيت  أومالو","1522"
"532","1543","Tirmitine","تيرمتين","1547"
"533","1544","Akerrou","أقرو","1537"
"534","1545","Yatafene","يطــافن","1552"
"535","1546","Beni-zikki","بني زيكــي","1534"
"536","1547","Draa-ben-khedda","ذراع بن خدة","1547"
"537","1548","Ouacif","واسيف","1548"
"538","1549","Idjeur","إيجــار","1534"
"539","1550","Mekla","مقــلع","1550"
"540","1551","Tizi n'tleta","تيزي نثلاثة","1536"
"541","1552","Beni-yenni","بني يني","1552"
"542","1553","Aghribs","أغريب","1537"
"543","1554","Iflissen","إفليـــسن","1538"
"544","1555","Boudjima","بوجيمة","1509"
"545","1556","Ait yahia moussa","أيت يحي موسى","1510"
"546","1557","Souk-el-tenine","سوق الإثنين","1529"
"547","1558","Ait khellili","أيت خليلي","1550"
"548","1559","Sidi namane","سيدي نعمان","1547"
"549","1560","Iboudrarene","إبودرارن","1552"
"550","1561","Agouni-gueghrane","أقني قغران","1536"
"551","1562","Mizrana","ميزرانـــة","1538"
"552","1563","Imsouhal","إمســوحال","1517"
"553","1564","Tadmait","تادمايت","1547"
"554","1565","Ait bouaddou","أيت بــوادو","1536"
"555","1566","Assi-youcef","أسي يوسف","1540"
"556","1567","Ait-toudert","أيت تودرت","1548"
"557","1601","Alger centre","الجزائر الوسطى","1602"
"558","1602","Sidi m'hamed","سيدي امحمد","1602"
"559","1603","El madania","المدنية","1602"
"560","1604","Mohamed belouzdad","محمد بلوزداد","1617"
"561","1605","Bab el oued","باب الوادي","1605"
"562","1606","Bologhine ibnou ziri","بولوغين بن زيري","1605"
"563","1607","Casbah","القصبة","1605"
"564","1608","Oued koriche","وادي قريش","1605"
"565","1609","Bir mourad rais","بئر مراد رايس","1609"
"566","1610","El biar","الابيار","1611"
"567","1611","Bouzareah","بوزريعة","1611"
"568","1612","Birkhadem","بئر خادم","1609"
"569","1613","El harrach","الحراش","1613"
"570","1614","Baraki","براقي","1614"
"571","1615","Oued smar","وادي السمار","1613"
"572","1616","Bourouba","بوروبة","1613"
"573","1617","Hussein dey","حسين داي","1617"
"574","1618","Kouba","القبة","1617"
"575","1619","Bachedjerah","باش جراح","1613"
"576","1620","Dar el beida","الدار البيضاء","1620"
"577","1621","Bab ezzouar","باب الزوار","1620"
"578","1622","Ben aknoun","ابن عكنون","1611"
"579","1623","Dely ibrahim","دالي ابراهيم","1652"
"580","1624","Hammamet","الحمامات","1652"
"581","1625","Rais hamidou","الرايس حميدو","1605"
"582","1626","Djasr kasentina","جسر قسنطينة","1609"
"583","1627","El mouradia","المرادية","1602"
"584","1628","Hydra","حيدرة","1609"
"585","1629","Mohammadia","المحمدية","1620"
"586","1630","Bordj el kiffan","برج الكيفان","1620"
"587","1631","El magharia","المغارية","1617"
"588","1632","Beni messous","بني مسوس","1611"
"589","1633","Les eucalyptus","الكاليتوس","1614"
"590","1634","Tessala el merdja","تسالة المرجة","1636"
"591","1635","Ouled chebel","اولاد شبل","1636"
"592","1636","Bir touta","بئر توتة","1636"
"593","1637","Sidi moussa","سيدي موسى","1614"
"594","1638","Rouiba","الرويبة","1638"
"595","1639","Herraoua","هراوة","1638"
"596","1640","Reghaia","رغاية","1638"
"597","1641","Ain taya","عين طاية","1620"
"598","1642","Bordj el bahri","برج البحري","1620"
"599","1643","El marsa","المرسى","1620"
"600","1644","Zeralda","زرالدة","1644"
"601","1645","Sehaoula","السحاولة","1609"
"602","1646","Maalma","المعالمة","1644"
"603","1647","Baba hassen","بابا حسن","1649"
"604","1648","Douira","الدويرة","1649"
"605","1649","Draria","الدرارية","1649"
"606","1650","Rahmania","الرحمانية","1644"
"607","1651","Ouled fayet","اولاد فايت","1652"
"608","1652","Cheraga","الشراقة","1652"
"609","1653","Staoueli","سطاوالي","1644"
"610","1654","El achour","العاشور","1649"
"611","1655","Souidania","سويدانية","1644"
"612","1656","Khraissia","الخرايسية","1649"
"613","1657","Ain benian","عين بنيان","1652"
"614","1701","Djelfa","الجلفة","1701"
"615","1702","Moudjebara","مجبارة","1730"
"616","1703","El guedid","القديد","1726"
"617","1704","Hassi bahbah","حاسي بحبح","1704"
"618","1705","Ain maabed","عين معبد","1704"
"619","1706","Sed rahal","سد الرحال","1717"
"620","1707","Faidh el botma","فيض البطمة","1707"
"621","1708","Birine","بيرين","1708"
"622","1709","Bouira lahdab","بويرة الأحداب","1720"
"623","1710","Zaccar","زكار","1730"
"624","1711","El khemis","الخميس","1719"
"625","1712","Sidi baizid","سيدي بايزيد","1725"
"626","1713","M'liliha","مليليحة","1725"
"627","1714","El idrissia","الادريسية","1714"
"628","1715","Douis","دويس","1714"
"629","1716","Hassi el euch","حاسي العش","1704"
"630","1717","Messaad","مسعد","1717"
"631","1718","Guettara","قطارة","1717"
"632","1719","Sidi laadjel","سيدي لعجال","1719"
"633","1720","Had sahary","حد الصحاري","1720"
"634","1721","Guernini","قرنيني","1731"
"635","1722","Selmana","سلمانة","1717"
"636","1723","Ain chouhada","عين الشهداء","1714"
"637","1724","Oum laadham","أم العظام","1707"
"638","1725","Dar chioukh","دار الشيوخ","1725"
"639","1726","Charef","الشارف","1726"
"640","1727","Benyagoub","بن يعقوب","1726"
"641","1728","Zaafrane","زعفران","1704"
"642","1729","Deldoul","دلدول","1717"
"643","1730","Ain el ibel","عين الإبل","1730"
"644","1731","Ain oussera","عين وسارة","1731"
"645","1732","Benhar","بنهار","1708"
"646","1733","Hassi fedoul","حاسي فدول","1719"
"647","1734","Amourah","عمورة","1707"
"648","1735","Ain fekka","عين فقه","1720"
"649","1736","Taadmit","تعظميت","1730"
"650","1801","Jijel","جيجل","1801"
"651","1802","Erraguene souissi","أراقن سويسي","1804"
"652","1803","El aouana","العوانة","1803"
"653","1804","Ziama mansouriah","زيامة منصورية","1804"
"654","1805","Taher","الطاهير","1805"
"655","1806","Emir abdelkader","الامير عبد القادر","1805"
"656","1807","Chekfa","الشقفة","1807"
"657","1808","Chahna","الشحنة","1805"
"658","1809","El milia","الميلية","1809"
"659","1810","Sidi marouf","سيدي معروف","1810"
"660","1811","Settara","السطارة","1811"
"661","1812","El ancer","العنصر","1812"
"662","1813","Sidi abdelaziz","سيدي عبد العزيز","1807"
"663","1814","Kaous","قاوس","1824"
"664","1815","Ghebala","غبالة","1811"
"665","1816","Bouraoui belhadef","بوراوي بلهادف","1812"
"666","1817","Djimla","جيملة","1817"
"667","1818","Selma benziada","سلمى بن زيادة","1803"
"668","1819","Boussif ouled askeur","بوسيف أولاد عسكر","1805"
"669","1820","El kennar nouchfi","القنار نشفي","1807"
"670","1821","Ouled yahia khadrouch","أولاد يحيى خدروش","1809"
"671","1822","Boudria beniyadjis","بودريعة بني  ياجيس","1817"
"672","1823","Khiri oued adjoul","خيري واد عجول","1812"
"673","1824","Texenna","تاكسنة","1824"
"674","1825","Djemaa beni habibi","الجمعة بني حبيبي","1812"
"675","1826","Bordj t'har","برج الطهر","1807"
"676","1827","Ouled rabah","أولاد رابح","1810"
"677","1828","Oudjana","وجانة","1805"
"678","1901","Setif","سطيف","1901"
"679","1902","Ain el kebira","عين الكبيرة","1902"
"680","1903","Beni-aziz","بني عزيز","1903"
"681","1904","Ouled si ahmed","أولاد سي أحمد","1928"
"682","1905","Boutaleb","بوطالب","1939"
"683","1906","Ain-roua","عين الروى","1943"
"684","1907","Draa-kebila","ذراع قبيلة","1950"
"685","1908","Bir-el-arch","بئر العرش","1908"
"686","1909","Beni chebana","بني شبانة","1922"
"687","1910","Ouled tebben","أولاد تبان","1939"
"688","1911","Hamma","الحامة","1939"
"689","1912","Maaouia","معاوية","1903"
"690","1913","Ain-legradj","عين لقراج","1922"
"691","1914","Ain abessa","عين عباسة","1926"
"692","1915","Dehamcha","الدهامشة","1902"
"693","1916","Babor","بابور","1916"
"694","1917","Guidjel","قجال","1917"
"695","1918","Ain lahdjar","عين الحجر","1940"
"696","1919","Bousselam","بوسلام","1930"
"697","1920","El eulma","العلمة","1920"
"698","1921","Djemila","جميلة","1921"
"699","1922","Beni ourtilane","بني ورتيلان","1922"
"700","1923","Rosfa","الرصفة","1939"
"701","1924","Ouled addouane","أولاد عدوان","1902"
"702","1925","Bellaa","بلاعة","1908"
"703","1926","Ain arnat","عين أرنات","1926"
"704","1927","Amoucha","عموشة","1927"
"705","1928","Ain oulmene","عين ولمان","1928"
"706","1929","Beidha bordj","بيضاء برج","1940"
"707","1930","Bouandas","بوعنداس","1930"
"708","1931","Bazer-sakra","بازر سكرة","1920"
"709","1932","Hamam soukhna","حمام السخنة","1932"
"710","1933","Mezloug","مزلوق","1926"
"711","1934","Bir haddada","بئر حدادة","1940"
"712","1935","Serdj-el-ghoul","سرج الغول","1916"
"713","1936","Harbil","حربيل","1941"
"714","1937","El ouricia","أوريسيا","1926"
"715","1938","Tizi n'bechar","تيزي نبشار","1927"
"716","1939","Salah bey","صالح باي","1939"
"717","1940","Ain azel","عين أزال","1940"
"718","1941","Guenzet","قنزات","1941"
"719","1942","Tala-ifacene","تالة إيفاسن","1955"
"720","1943","Bougaa","بوقاعة","1943"
"721","1944","Beni fouda","بني فودة","1921"
"722","1945","Tachouda","تاشودة","1908"
"723","1946","Beni-mouhli","بني موحلي","1922"
"724","1947","Ouled sabor","أولاد صابر","1917"
"725","1948","Guellal","قلال","1928"
"726","1949","Ain-sebt","عين السبت","1903"
"727","1950","Hammam guergour","حمام قرقور","1950"
"728","1951","Ait naoual mezada","أيت نوال مزادة","1930"
"729","1952","Kasr el abtal","قصر الابطال","1928"
"730","1953","Beni oussine","بني وسين","1943"
"731","1954","Ait-tizi","ايت تيزي","1930"
"732","1955","Maouaklane","ماوكلان","1955"
"733","1956","Guelta zerka","قلتة زرقاء","1920"
"734","1957","Oued el bared","واد البارد","1927"
"735","1958","Taya","الطاية","1932"
"736","1959","El-ouldja","الولجة","1908"
"737","1960","Tella","التلة","1932"
"738","2001","Saida","سعيدة","2001"
"739","2002","Doui thabet","دوي ثابت","2006"
"740","2003","Ain el hadjar","عين الحجر","2003"
"741","2004","Ouled khaled","أولاد خالد","2009"
"742","2005","Moulay larbi","مولاي العربي","2003"
"743","2006","Youb","يوب","2006"
"744","2007","Hounet","هونت","2009"
"745","2008","Sidi amar","سيدي عمر","2009"
"746","2009","Sidi boubekeur","سيدي بوبكر","2009"
"747","2010","El hassasna","الحساسنة","2010"
"748","2011","Maamora","المعمورة","2010"
"749","2012","Sidi ahmed","سيدي احمد","2003"
"750","2013","Ain sekhouna","عين السخونة","2010"
"751","2014","Ouled brahim","أولاد إبراهيم","2014"
"752","2015","Tircine","تيرسين","2014"
"753","2016","Ain soltane","عين السلطان","2014"
"754","2101","Skikda","سكيكدة","2101"
"755","2102","Ain zouit","عين زويت","2103"
"756","2103","El hadaiek","الحدائق","2103"
"757","2104","Azzaba","عزابة","2104"
"758","2105","Djendel saadi mohamed","جندل سعدي محمد","2104"
"759","2106","Ain charchar","عين شرشار","2104"
"760","2107","Bekkouche lakhdar","بكوش لخضر","2108"
"761","2108","Ben azzouz","بن عزوز","2108"
"762","2109","Es sebt","السبت","2104"
"763","2110","Collo","القل","2110"
"764","2111","Beni zid","بني زيد","2110"
"765","2112","Kerkara","الكركرة","2126"
"766","2113","Ouled attia","أولاد عطية","2113"
"767","2114","Oued zhour","وادي الزهور","2113"
"768","2115","Zitouna","الزيتونة","2115"
"769","2116","El arrouch","الحروش","2116"
"770","2117","Zerdezas","زردازة","2116"
"771","2118","Ouled habbaba","أولاد حبابة","2116"
"772","2119","Sidi mezghiche","سيدي مزغيش","2119"
"773","2120","Emjez edchich","مجاز الدشيش","2116"
"774","2121","Beni oulbane","بني ولبان","2119"
"775","2122","Ain bouziane","عين بوزيان","2119"
"776","2123","Ramdane djamel","رمضان جمال","2123"
"777","2124","Beni bechir","بني بشير","2123"
"778","2125","Salah bouchaour","صالح بو الشعور","2116"
"779","2126","Tamalous","تمالوس","2126"
"780","2127","Ain kechra","عين قشرة","2127"
"781","2128","Oum toub","أم الطوب","2128"
"782","2129","Bin el ouiden","بين الويدان","2126"
"783","2130","Filfila","فلفلة","2101"
"784","2131","Cheraia","الشرايع","2110"
"785","2132","Kanoua","قنواع","2115"
"786","2133","El ghedir","الغدير","2104"
"787","2134","Bouchetata","بوشطاطة","2103"
"788","2135","Ouldja boulbalout","الولجة بولبلوط","2127"
"789","2136","Khenag maoune","خناق مايو","2113"
"790","2137","Hammadi krouma","حمادي كرومة","2101"
"791","2138","El marsa","المرسى","2108"
"792","2201","Sidi bel-abbes","سيدي بلعباس","2201"
"793","2202","Tessala","تسالة","2202"
"794","2203","Sidi brahim","سيدي ابراهيم","2228"
"795","2204","Mostefa  ben brahim","مصطفى بن ابراهيم","2204"
"796","2205","Telagh","تلاغ","2205"
"797","2206","Mezaourou","مزاورو","2205"
"798","2207","Boukhanefis","بوخنفيس","2246"
"799","2208","Sidi ali boussidi","سيدي علي بوسيدي","2208"
"800","2209","Bedrabine el mokrani","بضرابين المقراني","2245"
"801","2210","Marhoum","مرحوم","2210"
"802","2211","Tefessour","تفسور","2222"
"803","2212","Amarnas","العمارنة","2214"
"804","2213","Tilmouni","تلموني","2204"
"805","2214","Sidi lahcene","سيدي لحسن","2214"
"806","2215","Ain thrid","عين الثريد","2202"
"807","2216","Makedra","مكدرة","2228"
"808","2217","Tenira","تنيرة","2217"
"809","2218","Moulay slissen","مولاي سليسن","2218"
"810","2219","El hacaiba","الحصيبة","2218"
"811","2220","Hassi zahana","حاسي زهانة","2245"
"812","2221","Tabia","طابية","2246"
"813","2222","Merine","مرين","2222"
"814","2223","Ras el ma","راس الماء","2223"
"815","2224","Ain tindamine","عين تندمين","2218"
"816","2225","Ain kada","عين قادة","2208"
"817","2226","M'cid","مسيد","2229"
"818","2227","Sidi khaled","سيدي خالد","2214"
"819","2228","Ain el berd","عين البرد","2228"
"820","2229","Sfisef","سفيزف","2229"
"821","2230","Ain- adden","عين أدن","2229"
"822","2231","Oued taourira","وادي تاوريرة","2222"
"823","2232","Dhaya","الضاية","2205"
"824","2233","Zerouala","زروالة","2204"
"825","2234","Lamtar","لمطار","2208"
"826","2235","Sidi chaib","سيدي شعيب","2210"
"827","2236","Sidi dahou zairs","سيدي دحو الزاير","2208"
"828","2237","Oued sebaa","وادي السبع","2223"
"829","2238","Boudjebaa el bordj","بوجبهة البرج","2229"
"830","2239","Sehala thaoura","السهالة الثورة","2202"
"831","2240","Sidi yacoub","سيدي يعقوب","2214"
"832","2241","Sidi hamadouche","سيدي حمادوش","2228"
"833","2242","Belarbi","بلعربي","2204"
"834","2243","Oued sefioun","وادي سفيون","2217"
"835","2244","Teghalimet","تغاليمت","2205"
"836","2245","Ben badis","بن باديس","2245"
"837","2246","Sidi ali benyoub","سيدي علي بن يوب","2246"
"838","2247","Chetouane belaila","شيطوان البلايلة","2245"
"839","2248","Bir el hammam","بئر الحمام","2210"
"840","2249","Taoudmout","تاودموت","2222"
"841","2250","Redjem demouche","رجم دموش","2223"
"842","2251","Benachiba chelia","بن عشيبة شلية","2217"
"843","2252","Hassi dahou","حاسي دحو","2217"
"844","2301","Annaba","عنابة","2301"
"845","2302","Berrahal","برحال","2302"
"846","2303","El hadjar","الحجار","2303"
"847","2304","El eulma","العلمة","2309"
"848","2305","El bouni","البوني","2305"
"849","2306","Oued el aneb","واد العنب","2302"
"850","2307","Cheurfa","الشرفة","2309"
"851","2308","Seraidi","سرايدي","2301"
"852","2309","Ain el berda","عين الباردة","2309"
"853","2310","Chetaibi","شطايبي","2310"
"854","2311","Sidi amar","سيدي عمار","2303"
"855","2312","Treat","التريعات","2302"
"856","2401","Guelma","قالمة","2401"
"857","2402","Nechmaya","نشماية","2418"
"858","2403","Bouati mahmoud","بوعاتي محمود","2426"
"859","2404","Oued zenati","وادي الزناتي","2404"
"860","2405","Tamlouka","تاملوكة","2413"
"861","2406","Oued ferragha","وادي فراغة","2425"
"862","2407","Ain sandel","عين صندل","2415"
"863","2408","Ras el agba","رأس العقبة","2427"
"864","2409","Dahouara","الدهوارة","2422"
"865","2410","Belkheir","بلخير","2418"
"866","2411","Bendjarah","بن جراح","2401"
"867","2412","Bou hamdane","بوحمدان","2419"
"868","2413","Ain makhlouf","عين مخلوف","2413"
"869","2414","Ain ben beida","عين بن بيضاء","2425"
"870","2415","Khezaras","لخزارة","2415"
"871","2416","Beni mezline","بني مزلين","2418"
"872","2417","Bou hachana","بوحشانة","2415"
"873","2418","Guelaat bou sbaa","قلعة بوصبع","2418"
"874","2419","Hammam debagh","حمام دباغ","2419"
"875","2420","El fedjoudj","الفجوج","2426"
"876","2421","Bordj sabath","برج صباط","2404"
"877","2422","Hammam n'bail","حمام النبايل","2422"
"878","2423","Ain larbi","عين العربي","2413"
"879","2424","Medjez amar","مجاز عمار","2427"
"880","2425","Bouchegouf","بوشقوف","2425"
"881","2426","Heliopolis","هيليوبوليس","2426"
"882","2427","Houari boumedienne","هواري بومدين","2427"
"883","2428","Roknia","الركنية","2419"
"884","2429","Sellaoua announa","سلاوة عنونة","2427"
"885","2430","Medjez sfa","مجاز الصفاء","2425"
"886","2431","Boumahra ahmed","بومهرة أحمد","2418"
"887","2432","Ain regada","عين رقادة","2404"
"888","2433","Oued cheham","وادي الشحم","2422"
"889","2434","Djeballah khemissi","جبالة الخميسي","2418"
"890","2501","Constantine","قسنطينة","2501"
"891","2502","Hamma bouziane","حامة بوزيان","2502"
"892","2503","Ben badis","أبن باديس الهرية","2507"
"893","2504","Zighoud youcef","زيغود يوسف","2504"
"894","2505","Didouche mourad","ديدوش مراد","2502"
"895","2506","El khroub","الخروب","2506"
"896","2507","Ain abid","عين عبيد","2507"
"897","2508","Beni hamidane","بني حميدان","2504"
"898","2509","Ouled rahmoun","أولاد رحمون","2506"
"899","2510","Ain smara","عين السمارة","2506"
"900","2511","Messaoud boudjeriou","بوجريو مسعود","2512"
"901","2512","Ibn ziad","ابن زياد","2512"
"902","2601","Medea","المدية","2601"
"903","2602","Ouzera","وزرة","2602"
"904","2603","Ouled emaaraf","أولاد امعرف","2604"
"905","2604","Ain boucif","عين بوسيف","2604"
"906","2605","Aissaouia","العيساوية","2652"
"907","2606","Ouled deid","أولاد دايد","2647"
"908","2607","El omaria","العمارية","2607"
"909","2608","Derrag","دراق","2632"
"910","2609","El guelbelkebir","القلب الكبير","2609"
"911","2610","Bouaiche","بوعيش","2638"
"912","2611","Mezerana","مزغنة","2652"
"913","2612","Ouled brahim","أولاد إبراهيم","2607"
"914","2613","Tizi mahdi","تيزي مهدي","2602"
"915","2614","Sidi ziane","سيدي زيان","2633"
"916","2615","Tamesguida","تمسقيدة","2601"
"917","2616","El hamdania","الحمدانية","2602"
"918","2617","Kef lakhdar","الكاف الاخضر","2604"
"919","2618","Chelalet el adhaoura","شلالة العذاورة","2618"
"920","2619","Bouskene","بوسكن","2646"
"921","2620","Rebaia","الربعية","2647"
"922","2621","Bouchrahil","بوشراحيل","2626"
"923","2622","Ouled hellal","أولاد هلال","2658"
"924","2623","Tafraout","تفراوت","2618"
"925","2624","Baata","بعطة","2607"
"926","2625","Boghar","بوغار","2658"
"927","2626","Sidi naamane","سيدي نعمان","2626"
"928","2627","Ouled bouachra","أولاد بوعشرة","2644"
"929","2628","Sidi zahar","سيدي زهار","2633"
"930","2629","Oued harbil","وادي حربيل","2643"
"931","2630","Ben chicao","بن شكاو","2602"
"932","2631","Sidi demed","سيدي دامد","2604"
"933","2632","Aziz","عزيز","2632"
"934","2633","Souagui","السواقي","2633"
"935","2634","Zoubiria","الزبيرية","2648"
"936","2635","Ksar el boukhari","قصر البخاري","2635"
"937","2636","El azizia","العزيزية","2636"
"938","2637","Djouab","جواب","2633"
"939","2638","Chabounia","الشهبونية","2638"
"940","2639","Maghraoua","مغراوة","2636"
"941","2640","Cheniguel","شنيقل","2618"
"942","2641","Ain ouksir","عين اقصير","2618"
"943","2642","Oum el djellil","أم الجليل","2632"
"944","2643","Ouamri","عوامري","2643"
"945","2644","Si mahdjoub","سي المحجوب","2644"
"946","2645","Tletat ed douair","ثلاث دوائر","2648"
"947","2646","Beni slimane","بني سليمان","2646"
"948","2647","Berrouaghia","البرواقية","2647"
"949","2648","Seghouane","سغوان","2648"
"950","2649","M'fatha","مفاتحة","2635"
"951","2650","Mihoub","ميهوب","2636"
"952","2651","Boughzoul","بوغزول","2638"
"953","2652","Tablat","تابلاط","2652"
"954","2653","El haoudane","الحوضان","2652"
"955","2654","Draa esmar","ذراع السمار","2601"
"956","2655","Sidi rabie","سيدي الربيع","2646"
"957","2656","Bir ben laabed","بئر بن عابد","2609"
"958","2657","El ouinet","العوينات","2604"
"959","2658","Ouled antar","أولاد عنتر","2658"
"960","2659","Bouaichoune","بوعيشون","2644"
"961","2660","Hannacha","حناشة","2643"
"962","2661","Sedraya","سدراية","2609"
"963","2662","Medjebar","مجبر","2648"
"964","2663","Khams djouamaa","خمس جوامع","2626"
"965","2664","Saneg","السانق","2635"
"966","2701","Mostaganem","مستغانم","2701"
"967","2702","Sayada","صيادة","2711"
"968","2703","Fornaka","فرناقة","2705"
"969","2704","Stidia","ستيدية","2706"
"970","2705","Ain-nouissy","عين نويسي","2705"
"971","2706","Hassi mameche","حاسي ماماش","2706"
"972","2707","Ain-tedles","عين تادلس","2707"
"973","2708","Sour","سور","2707"
"974","2709","Oued el kheir","وادي الخير","2707"
"975","2710","Sidi belaattar","سيدي بلعطار","2707"
"976","2711","Kheir-eddine","خير الدين","2711"
"977","2712","Sidi ali","سيدي علي","2712"
"978","2713","Benabdelmalek ramdane","بن عبد المالك رمضان","2716"
"979","2714","Hadjadj","حجاج","2716"
"980","2715","Nekmaria","نكمارية","2717"
"981","2716","Sidi-lakhdar","سيدي لخضر","2716"
"982","2717","Achaacha","عشعاشة","2717"
"983","2718","Khadra","خضرة","2717"
"984","2719","Bouguirat","بوقيراط","2719"
"985","2720","Sirat","سيرات","2719"
"986","2721","Ain-sidi cherif","عين سيدي الشريف","2722"
"987","2722","Mesra","ماسرة","2722"
"988","2723","Mansourah","منصورة","2722"
"989","2724","Souaflia","السوافلية","2719"
"990","2725","Ouled boughalem","أولاد بوغالم","2717"
"991","2726","Ouled-maalah","أولاد مع الله","2712"
"992","2727","Mazagran","مزغران","2706"
"993","2728","Ain-boudinar","عين بودينار","2711"
"994","2729","Tazgait","تزقايت","2712"
"995","2730","Safsaf","صفصاف","2719"
"996","2731","Touahria","الطواهرية","2722"
"997","2732","Hassiane","الحسيان (بني ياحي","2705"
"998","2801","M'sila","المسيلة","2801"
"999","2802","Maadid","المعاضيد","2804"
"1000","2803","Hammam dalaa","حمام الضلعة","2803"
"1001","2804","Ouled derradj","أولاد دراج","2804"
"1002","2805","Tarmount","تارمونت","2803"
"1003","2806","M'tarfa","المطارفة","2804"
"1004","2807","Khoubana","خبانة","2807"
"1005","2808","M'cif","مسيف","2807"
"1006","2809","Chellal","شلال","2809"
"1007","2810","Ouled madhi","أولاد ماضي","2809"
"1008","2811","Magra","مقرة","2811"
"1009","2812","Berhoum","برهوم","2811"
"1010","2813","Ain khadra","عين الخضراء","2811"
"1011","2814","Ouled addi guebala","أولاد عدي لقبالة","2804"
"1012","2815","Belaiba","بلعايبة","2811"
"1013","2816","Sidi aissa","سيدي عيسى","2816"
"1014","2817","Ain el hadjel","عين الحجل","2817"
"1015","2818","Sidi hadjeres","سيدي هجرس","2817"
"1016","2819","Ouanougha","ونوغة","2803"
"1017","2820","Bou saada","بوسعادة","2820"
"1018","2821","Ouled sidi brahim","أولاد سيدي ابراهيم","2821"
"1019","2822","Sidi ameur","سيدي عامر","2822"
"1020","2823","Tamsa","تامسة","2822"
"1021","2824","Ben srour","بن سرور","2824"
"1022","2825","Ouled slimane","أولاد سليمان","2824"
"1023","2826","El houamed","الحوامد","2807"
"1024","2827","El hamel","الهامل","2820"
"1025","2828","Ouled mansour","أولاد منصور","2803"
"1026","2829","Maarif","معاريف","2809"
"1027","2830","Dehahna","دهاهنة","2811"
"1028","2831","Bouti sayeh","بوطي السايح","2816"
"1029","2832","Khettouti sed-el-jir","خطوطي سد الجير","2809"
"1030","2833","Zarzour","زرزور","2824"
"1031","2834","Mohamed boudiaf","محمد بوضياف","2824"
"1032","2835","Benzouh","بن زوه","2821"
"1033","2836","Bir foda","بئر فضة","2841"
"1034","2837","Ain fares","عين فارس","2841"
"1035","2838","Sidi m'hamed","سيدي امحمد","2841"
"1036","2839","Menaa","مناعة","2842"
"1037","2840","Souamaa","السوامع","2804"
"1038","2841","Ain el melh","عين الملح","2841"
"1039","2842","Medjedel","امجدل","2842"
"1040","2843","Slim","سليم","2847"
"1041","2844","Ain rich","عين الريش","2841"
"1042","2845","Beni ilmane","بني يلمان","2816"
"1043","2846","Oulteme","ولتام","2820"
"1044","2847","Djebel messaad","جبل مساعد","2847"
"1045","2901","Mascara","معسكر","2901"
"1046","2902","Bouhanifia","بوحنيفية","2902"
"1047","2903","Tizi","تيزي","2903"
"1048","2904","Hacine","حسين","2902"
"1049","2905","Maoussa","ماوسة","2912"
"1050","2906","Tighennif","تيغنيف","2906"
"1051","2907","El hachem","الحشم","2907"
"1052","2908","Sidi kada","سيدي قادة","2906"
"1053","2909","Zelamta","زلامطة","2907"
"1054","2910","Oued el abtal","وادي الأبطال","2910"
"1055","2911","Ain ferah","عين فراح","2910"
"1056","2912","Ghriss","غريس","2912"
"1057","2913","Froha","فروحة","2903"
"1058","2914","Matemore","المطمور","2912"
"1059","2915","Makhda","ماقضة","2912"
"1060","2916","Sidi boussaid","سيدي بوسعيد","2912"
"1061","2917","El bordj","البرج","2917"
"1062","2918","Ain fekan","عين فكان","2918"
"1063","2919","Benian","بنيان","2923"
"1064","2920","Khalouia","خلوية","2917"
"1065","2921","El menaouer","المنور","2917"
"1066","2922","Oued taria","وادي التاغية","2922"
"1067","2923","Aouf","عوف","2923"
"1068","2924","Ain fares","عين فارس","2924"
"1069","2925","Ain frass","عين أفرص","2918"
"1070","2926","Sig","سيق","2926"
"1071","2927","Oggaz","عقاز","2927"
"1072","2928","Alaimia","العلايمية","2927"
"1073","2929","El gaada","القعدة","2930"
"1074","2930","Zahana","زهانة","2930"
"1075","2931","Mohammadia","المحمدية","2931"
"1076","2932","Sidi abdelmoumene","سيدي عبد المومن","2931"
"1077","2933","Ferraguig","فراقيق","2931"
"1078","2934","El ghomri","الغمري","2931"
"1079","2935","Sedjerara","سجرارة","2931"
"1080","2936","Mocta-douz","مقطع الدوز","2931"
"1081","2937","Bou henni","بوهني","2926"
"1082","2938","El gueitena","القطنة","2902"
"1083","2939","El mamounia","المأمونية","2924"
"1084","2940","El keurt","القرط","2903"
"1085","2941","Gharrous","غروس","2923"
"1086","2942","Guerdjoum","قرجوم","2922"
"1087","2943","Chorfa","الشرفاء","2926"
"1088","2944","Ras el ain amirouche","رأس عين عميروش","2927"
"1089","2945","Nesmot","نسمط","2907"
"1090","2946","Sidi abdeldjebar","سيدي عبد الجبار","2910"
"1091","2947","Sehailia","السهايلية","2906"
"1092","3001","Ouargla","ورقلة","3001"
"1093","3002","Ain beida","عين البيضاء","3011"
"1094","3003","N'goussa","انقوسة","3003"
"1095","3004","Hassi messaoud","حاسي مسعود","3004"
"1096","3005","Rouissat","الرويسات","3001"
"1097","3006","Blidet amor","بلدة اعمر","3016"
"1098","3007","Tebesbest","تبسبست","3013"
"1099","3007","Tebesbest","تبسبست","3013"
"1100","3008","Nezla","النزلة","3013"
"1101","3008","Nezla","النزلة","3013"
"1102","3009","Zaouia el abidia","الزاوية العابدية","3013"
"1103","3009","Zaouia el abidia","الزاوية العابدية","3013"
"1104","3010","Sidi slimane","سيدي سليمان","3019"
"1105","3011","Sidi khouiled","سيدي خويلد","3011"
"1106","3012","Hassi ben abdellah","حاسي بن عبد الله","3011"
"1107","3013","Touggourt","تقرت","3013"
"1108","3013","Touggourt","تقرت","3013"
"1109","3014","El-hadjira","الحجيرة","3014"
"1110","3015","Taibet","الطيبات","3015"
"1111","3016","Temacine","تماسين","3016"
"1112","3017","Benaceur","بن ناصر","3015"
"1113","3018","M'naguer","المنقر","3015"
"1114","3019","Megarine","المقارين","3019"
"1115","3020","El alia","العالية","3014"
"1116","3021","El borma","البرمة","3021"
"1117","3101","Oran","وهران","3101"
"1118","3102","Gdyel","قديل","3102"
"1119","3103","Bir el djir","بئر الجير","3103"
"1120","3104","Hassi bounif","حاسي بونيف","3103"
"1121","3105","Es senia","السانية","3105"
"1122","3106","Arzew","أرزيو","3106"
"1123","3107","Bethioua","بطيوة","3107"
"1124","3108","Marsat el hadjadj","مرسى الحجاج","3107"
"1125","3109","Ain turk","عين الترك","3109"
"1126","3110","El ancor","العنصر","3109"
"1127","3111","Oued tlelat","وادي تليلات","3111"
"1128","3112","Tafraoui","طفراوي","3111"
"1129","3113","Sidi chami","سيدي الشحمي","3105"
"1130","3114","Boufatis","بوفاتيس","3111"
"1131","3115","Mers el kebir","المرسى الكبير","3109"
"1132","3116","Bousfer","بوسفر","3109"
"1133","3117","El kerma","الكرمة","3105"
"1134","3118","El braya","البراية","3111"
"1135","3119","Hassi ben okba","حاسي بن عقبة","3103"
"1136","3120","Ben freha","بن فريحة","3102"
"1137","3121","Hassi mefsoukh","حاسي مفسوخ","3102"
"1138","3122","Sidi ben yebka","سيدي بن يبقى","3106"
"1139","3123","Messerghin","مسرغين","3124"
"1140","3124","Boutlelis","بوتليليس","3124"
"1141","3125","Ain kerma","عين الكرمة","3124"
"1142","3126","Ain biya","عين البية","3107"
"1143","3201","El bayadh","البيض","3201"
"1144","3202","Rogassa","رقاصة","3202"
"1145","3203","Stitten","ستيتن","3207"
"1146","3204","Brezina","بريزينة","3204"
"1147","3205","Ghassoul","الغاسول","3206"
"1148","3206","Boualem","بوعلام","3207"
"1149","3209","Arbaouat","اربوات","3204"
"1150","3210","Bougtoub","بوقطب","3202"
"1151","3211","El kheither","الخيثر","3206"
"1152","3212","Kef el ahmar","الكاف الأحمر","3206"
"1153","3214","Chellala","شلالة","3206"
"1154","3215","Krakda","كراكدة","3207"
"1155","3216","El bnoud","البنود","3207"
"1156","3217","Cheguig","الشقيق","3204"
"1157","3219","El mehara","المحرة","3206"
"1158","3222","Sidi tiffour","سيدي طيفور","3202"
"1159","3301","Illizi","إيليزي","3301"
"1160","3302","Djanet","جانت","3302"
"1161","3302","Djanet","جانت","3302"
"1162","3303","Debdeb","دبداب","3306"
"1163","3304","Bordj omar driss","برج عمر إدريس","3306"
"1164","3305","Bordj el haouass","برج الحواس","3302"
"1165","3305","Bordj el haouass","برج الحواس","3302"
"1166","3306","In amenas","إن أمناس","3306"
"1167","3401","B. b. arreridj","برج بوعريرج","3401"
"1168","3402","Ras el oued","رأس الوادي","3402"
"1169","3403","Bordj zemmoura","برج زمورة","3403"
"1170","3404","Mansoura","المنصورة","3404"
"1171","3405","El m'hir","المهير","3404"
"1172","3406","Ben daoud","بن داود","3404"
"1173","3407","El achir","الياشير","3413"
"1174","3408","Ain taghrout","عين تاغروت","3408"
"1175","3409","Bordj ghedir","برج الغدير","3409"
"1176","3410","Sidi-embarek","سيدي أمبارك","3431"
"1177","3411","Elhammadia","الحمادية","3411"
"1178","3412","Belimour","بليمور","3409"
"1179","3413","Medjana","مجانة","3413"
"1180","3414","Teniet en nasr","ثنية النصر","3413"
"1181","3415","Djaafra","جعافرة","3415"
"1182","3416","El main","الماين","3415"
"1183","3417","Ouled brahem","أولاد أبراهم","3402"
"1184","3418","Ouled dahmane","أولاد دحمان","3403"
"1185","3419","Hasnaoua","حسناوة","3413"
"1186","3420","Khelil","خليل","3431"
"1187","3421","Taglait","تقلعيت","3409"
"1188","3422","Ksour","القصور","3411"
"1189","3423","Ouled sidi-brahim","أولاد سيدي ابراهيم","3404"
"1190","3424","Tefreg","تفرق","3415"
"1191","3425","Colla","القلة","3415"
"1192","3426","Tixter","تيكستار","3408"
"1193","3427","El euch","العش","3411"
"1194","3428","El annasseur","العناصر","3409"
"1195","3429","Tassamert","تسامرت","3403"
"1196","3430","Ain tesra","عين تسرة","3402"
"1197","3431","Bir kasdali","بئر قاصد علي","3431"
"1198","3432","Ghailasa","غيلاسة","3409"
"1199","3433","Rabta","الرابطة","3411"
"1200","3434","Haraza","حرازة","3404"
"1201","3501","Boumerdes","بومرداس","3501"
"1202","3502","Boudouaou","بودواو","3502"
"1203","3503","Afir","أعفير","3523"
"1204","3504","Bordj menaiel","برج منايل","3504"
"1205","3505","Baghlia","بغلية","3505"
"1206","3506","Sidi daoud","سيدي داود","3505"
"1207","3507","Naciria","الناصرية","3507"
"1208","3508","Djinet","جنات","3504"
"1209","3509","Isser","يسر","3509"
"1210","3510","Zemmouri","زموري","3504"
"1211","3511","Si mustapha","سي مصطفى","3509"
"1212","3512","Tidjelabine","تيجلابين","3501"
"1213","3513","Chabet el ameur","شعبة العامر","3509"
"1214","3514","Thenia","الثنية","3514"
"1215","3515","Timezrit","تيمزريت","3509"
"1216","3516","Corso","قورصو","3501"
"1217","3517","Ouled moussa","أولاد موسى","3531"
"1218","3518","Larbatache","الاربعطاش","3531"
"1219","3519","Bouzegza keddara","بوزقزة قدارة","3502"
"1220","3520","Taourga","تاورقة","3505"
"1221","3521","Ouled aissa","أولاد عيسى","3507"
"1222","3522","Ben choud","بن شود","3523"
"1223","3523","Dellys","دلس","3523"
"1224","3524","Ammal","عمال","3514"
"1225","3525","Beni amrane","بني عمران","3514"
"1226","3526","Souk el had","سوق الحد","3514"
"1227","3527","Boudouaou el bahri","بودواو البحري","3502"
"1228","3528","Ouled hedadj","أولاد هداج","3502"
"1229","3529","Leghata","لقاطة","3504"
"1230","3530","Hammedi","حمادي","3531"
"1231","3531","Khemis el khechna","خميس الخشنة","3531"
"1232","3532","El kharrouba","الخروبة","3502"
"1233","3601","El tarf","الطارف","3601"
"1234","3602","Bouhadjar","بوحجار","3602"
"1235","3603","Ben m hidi","بن مهيدي","3603"
"1236","3604","Bougous","بوقوس","3601"
"1237","3605","El kala","القالة","3605"
"1238","3606","Ain el assel","عين العسل","3601"
"1239","3607","El aioun","العيون","3605"
"1240","3608","Bouteldja","بوثلجة","3608"
"1241","3609","Souarekh","السوارخ","3605"
"1242","3610","Berrihane","بريحان","3603"
"1243","3611","Lac des oiseaux","بحيرة الطيور","3608"
"1244","3612","Chefia","الشافية","3608"
"1245","3613","Drean","الذرعـان","3613"
"1246","3614","Chihani","شحاني","3613"
"1247","3615","Chebaita mokhtar","شبيطة مختار","3613"
"1248","3616","Besbes","البسباس","3616"
"1249","3617","Asfour","عصفور","3616"
"1250","3618","Echatt","الشط","3603"
"1251","3619","Zerizer","زريزر","3616"
"1252","3620","Zitouna","الزيتونة","3601"
"1253","3621","Ain kerma","عين الكرمة","3602"
"1254","3622","Oued zitoun","وادي الزيتون","3602"
"1255","3623","Hammam beni salah","حمام بني صالح","3602"
"1256","3624","Raml souk","رمل السوق","3605"
"1257","3701","Tindouf","تندوف","3701"
"1258","3702","Oum el assel","أم العسل","3701"
"1259","3801","Tissemsilt","تيسمسيلت","3801"
"1260","3802","Bordj bounaama","برج بونعامة","3802"
"1261","3803","Theniet el had","ثنية الاحد","3803"
"1262","3804","Lazharia","الأزهرية","3804"
"1263","3805","Beni chaib","بني شعيب","3802"
"1264","3806","Lardjem","لرجام","3806"
"1265","3807","Melaab","الملعب","3806"
"1266","3808","Sidi lantri","سيدي العنتري","3806"
"1267","3809","Bordj el emir abdelkader","برج الأمير عبد القادر","3809"
"1268","3810","Layoune","العيون","3811"
"1269","3811","Khemisti","خميستي","3811"
"1270","3812","Ouled bessam","أولاد بسام","3801"
"1271","3813","Ammari","عماري","3813"
"1272","3814","Youssoufia","اليوسفية","3809"
"1273","3815","Sidi boutouchent","سيدي بوتوشنت","3803"
"1274","3816","Larbaa","الأربعاء","3804"
"1275","3817","Maacem","المعاصم","3813"
"1276","3818","Sidi abed","سيدي عابد","3813"
"1277","3819","Tamellahet","تملاحت","3806"
"1278","3820","Sidi slimane","سيدي سليمان","3802"
"1279","3821","Boucaid","بوقائد","3804"
"1280","3822","Beni lahcene","بني لحسن","3802"
"1281","3901","El-oued","الوادي","3901"
"1282","3902","Robbah","الرباح","3902"
"1283","3903","Oued el alenda","وادي العلندة","3926"
"1284","3904","Bayadha","البياضة","3904"
"1285","3905","Nakhla","النخلة","3902"
"1286","3906","Guemar","قمار","3906"
"1287","3907","Kouinine","كوينين","3901"
"1288","3908","Reguiba","الرقيبة","3908"
"1289","3909","Hamraia","الحمراية","3908"
"1290","3910","Taghzout","تغزوت","3906"
"1291","3911","Debila","الدبيلة","3911"
"1292","3912","Hassani abdelkrim","حساني عبد الكريم","3911"
"1293","3913","Hassi khalifa","حاسي خليفة","3913"
"1294","3914","Taleb larbi","الطالب العربي","3914"
"1295","3915","Douar el maa","دوار الماء","3914"
"1296","3916","Sidi aoun","سيدي عون","3918"
"1297","3917","Trifaoui","الطريفاوي","3913"
"1298","3918","Magrane","المقرن","3918"
"1299","3919","Ben guecha","بن  قشة","3914"
"1300","3920","Ourmes","ورماس","3906"
"1301","3921","Still","سطيل","3927"
"1302","3921","Still","سطيل","3927"
"1303","3922","M'rara","المرارة","3928"
"1304","3923","Sidi khelil","سيدي خليل","3927"
"1305","3923","Sidi khelil","سيدي خليل","3927"
"1306","3924","Tenedla","تندلة","3928"
"1307","3925","El ogla","العقلة","3902"
"1308","3926","Mih ouansa","اميه وانسة","3926"
"1309","3927","El-m'ghaier","المغير","3927"
"1310","3927","El-m'ghaier","المغير","3927"
"1311","3928","Djamaa","جامعة","3928"
"1312","3929","Oum touyour","أم الطيور","3927"
"1313","3929","Oum touyour","أم الطيور","3927"
"1314","3930","Sidi amrane","سيدي عمران","3928"
"1315","4001","Khenchela","خنشلة","4001"
"1316","4002","M'toussa","متوسة","4006"
"1317","4003","Kais","قايس","4003"
"1318","4004","Baghai","بغاي","4005"
"1319","4005","El hamma","الحامة","4005"
"1320","4006","Ain touila","عين الطويلة","4006"
"1321","4007","Taouzianat","تاوزيانت","4003"
"1322","4008","Bouhmama","بوحمامة","4008"
"1323","4009","El oueldja","الولجة","4011"
"1324","4010","Remila","الرميلة","4003"
"1325","4011","Chechar","ششار","4011"
"1326","4012","Djellal","جلال","4011"
"1327","4013","Babar","بابار","4013"
"1328","4014","Tamza","طامزة","4005"
"1329","4015","Ensigha","انسيغة","4005"
"1330","4016","Ouled rechache","أولاد رشاش","4016"
"1331","4017","El mahmal","المحمل","4016"
"1332","4018","M'sara","مصارة","4008"
"1333","4019","Yabous","يابوس","4008"
"1334","4020","Khirane","خيران","4011"
"1335","4021","Chelia","شلية","4008"
"1336","4101","Souk ahras","سوق أهراس","4101"
"1337","4102","Sedrata","سدراتة","4102"
"1338","4103","Hanencha","الحنانشة","4104"
"1339","4104","Machroha","المشروحة","4104"
"1340","4105","Ouled driss","أولاد إدريس","4105"
"1341","4106","Tiffech","تيفاش","4115"
"1342","4107","Zaarouria","الزعرورية","4108"
"1343","4108","Taoura","تاورة","4108"
"1344","4109","Drea","الدريعة","4108"
"1345","4110","Haddada","الحدادة","4110"
"1346","4111","Khedara","الخضارة","4110"
"1347","4112","Merahna","المراهنة","4112"
"1348","4113","Ouled moumen","أولاد مومن","4110"
"1349","4114","Bir bouhouche","بئر بوحوش","4114"
"1350","4115","M'daourouche","مداوروش","4115"
"1351","4116","Oum el adhaim","أم العظايم","4116"
"1352","4117","Ain zana","عين الزانة","4105"
"1353","4118","Ain soltane","عين سلطان","4102"
"1354","4119","Ouillen","ويلان","4112"
"1355","4120","Sidi fredj","سيدي فرج","4112"
"1356","4121","Safel el ouiden","سافل الويدان","4114"
"1357","4122","Ragouba","الراقوبة","4115"
"1358","4123","Khemissa","خميسة","4102"
"1359","4124","Oued kebrit","وادي الكبريت","4116"
"1360","4125","Terraguelt","ترقالت","4116"
"1361","4126","Zouabi","الزوابي","4114"
"1362","4201","Tipaza","تيبازة","4201"
"1363","4202","Menaceur","مناصر","4209"
"1364","4203","Larhat","الأرهاط","4215"
"1365","4204","Douaouda","دواودة","4217"
"1366","4205","Bourkika","بورقيقة","4219"
"1367","4206","Khemisti","خميستي","4218"
"1368","4207","Aghbal","أغبال","4210"
"1369","4208","Hadjout","حجوط","4208"
"1370","4209","Sidi-amar","سيدي عامر","4209"
"1371","4210","Gouraya","قوراية","4210"
"1372","4211","Nador","الناظور","4209"
"1373","4212","Chaiba","الشعيبة","4224"
"1374","4213","Ain tagourait","عين تاقورايت","4218"
"1375","4214","Cherchell","شرشال","4214"
"1376","4215","Damous","الداموس","4215"
"1377","4216","Merad","مراد","4208"
"1378","4217","Fouka","فوكة","4217"
"1379","4218","Bou ismail","بواسماعيل","4218"
"1380","4219","Ahmer el ain","أحمر العين","4219"
"1381","4220","Bou haroun","بوهارون","4218"
"1382","4221","Sidi ghiles","سيدي غيلاس","4214"
"1383","4222","Messelmoun","مسلمون","4210"
"1384","4223","Sidi rached","سيدي راشد","4219"
"1385","4224","Kolea","القليعة","4224"
"1386","4225","Attatba","الحطاطبة","4224"
"1387","4226","Sidi semiane","سيدي سميان","4214"
"1388","4227","Beni mileuk","بني ميلك","4215"
"1389","4228","Hadjret ennous","حجرة النص","4214"
"1390","4301","Mila","ميلة","4301"
"1391","4302","Ferdjioua","فرجيوة","4302"
"1392","4303","Chelghoum laid","شلغوم العيد","4303"
"1393","4304","Oued athmenia","وادي العثمانية","4303"
"1394","4305","Ain mellouk","عين الملوك","4303"
"1395","4306","Teleghma","التلاغمة","4306"
"1396","4307","Oued seguen","وادي سقان","4306"
"1397","4308","Tadjenanet","تاجنانت","4308"
"1398","4309","Benyahia abderrahmane","بن يحي عبد الرحمن","4308"
"1399","4310","Oued endja","وادي النجاء","4310"
"1400","4311","Ahmed rachedi","أحمد راشدي","4310"
"1401","4312","Ouled khalouf","أولاد اخلوف","4308"
"1402","4313","Tiberguent","تيبرقنت","4315"
"1403","4314","Bouhatem","بوحاتم","4314"
"1404","4315","Rouached","الرواشد","4315"
"1405","4316","Tassala lematai","تسالة لمطاعي","4323"
"1406","4317","Grarem gouga","القرارم قوقة","4317"
"1407","4318","Sidi merouane","سيدي مروان","4318"
"1408","4319","Tassadane haddada","تسدان حدادة","4319"
"1409","4320","Derrahi bousselah","دراحي بوصلاح","4314"
"1410","4321","Minar zarza","مينار زارزة","4319"
"1411","4322","Amira arres","اعميرة اراس","4323"
"1412","4323","Terrai bainen","ترعي باينان","4323"
"1413","4324","Hamala","حمالة","4317"
"1414","4325","Ain tine","عين التين","4301"
"1415","4326","El mechira","مشيرة","4306"
"1416","4327","Sidi khelifa","سيدي خليفة","4301"
"1417","4328","Zeghaia","زغاية","4310"
"1418","4329","El ayadi barbes","العياضي برباس","4330"
"1419","4330","Ain beida harriche","عين البيضاء أحريش","4330"
"1420","4331","Yahia beniguecha","يحي بني قشة","4302"
"1421","4332","Chigara","الشيقارة","4318"
"1422","4401","Ain-defla","عين الدفلى","4401"
"1423","4402","Miliana","مليانة","4402"
"1424","4403","Boumedfaa","بومدفع","4403"
"1425","4404","Khemis-miliana","خميس مليانة","4404"
"1426","4405","Hammam-righa","حمام ريغة","4405"
"1427","4406","Arib","عريب","4408"
"1428","4407","Djelida","جليدة","4407"
"1429","4408","El-amra","العامرة","4408"
"1430","4409","Bourached","بوراشد","4407"
"1431","4410","El-attaf","العطاف","4410"
"1432","4411","El-abadia","العبادية","4411"
"1433","4412","Djendel","جندل","4412"
"1434","4413","Oued chorfa","وادي الشرفاء","4412"
"1435","4414","Ain-lechiakh","عين الاشياخ","4414"
"1436","4415","Oued djemaa","واد الجمعة","4414"
"1437","4416","Rouina","الروينة","4416"
"1438","4417","Zeddine","زدين","4416"
"1439","4418","Hassania","الحسانية","4431"
"1440","4419","Bir-ould-khelifa","بئر ولد خليفة","4422"
"1441","4420","Ain-soltane","عين السلطان","4414"
"1442","4421","Tarik-ibn-ziad","طارق بن زياد","4422"
"1443","4422","Bordj-emir-khaled","برج الأمير خالد","4422"
"1444","4423","Ain-torki","عين التركي","4405"
"1445","4424","Sidi-lakhdar","سيدي الأخضر","4404"
"1446","4425","Ben allal","بن علال","4402"
"1447","4426","Ain-benian","عين البنيان","4405"
"1448","4427","Hoceinia","الحسينية","4403"
"1449","4428","Birbouche","بربوش","4412"
"1450","4429","Djemaa ouled cheikh","جمعة أولاد الشيخ","4407"
"1451","4430","Mekhatria","المخاطرية","4408"
"1452","4431","Bathia","بطحية","4431"
"1453","4432","Tacheta zegagha","تاشتة زقاغة","4411"
"1454","4433","Ain-bouyahia","عين بويحيى","4411"
"1455","4434","El-maine","الماين","4416"
"1456","4435","Tiberkanine","تبركانين","4410"
"1457","4436","Belaas","بلعاص","4431"
"1458","4501","Naama","النعامة","4501"
"1459","4502","Mecheria","المشرية","4502"
"1460","4503","Ain sefra","عين الصفراء","4503"
"1461","4504","Tiout","تيوت","4503"
"1462","4505","Sfissifa","سفيسيفة","4505"
"1463","4506","Moghrar","مغرار","4506"
"1464","4507","Asla","عسلة","4507"
"1465","4508","Djenienne bourezg","جنين بورزق","4506"
"1466","4509","Ain ben khelil","عين بن خليل","4502"
"1467","4510","Makmen ben amar","مكمن بن عمار","4510"
"1468","4511","Kasdir","القصدير","4510"
"1469","4512","El biodh","البيوض","4502"
"1470","4601","Ain temouchent","عين تموشنت","4601"
"1471","4602","Chaabat el ham","شعبة اللحم","4614"
"1472","4603","Ouled kihal","أولاد الكيحل","4614"
"1473","4604","Hammam bou hadjar","حمام بوحجر","4604"
"1474","4605","Bouzedjar","بوزجار","4619"
"1475","4606","Oued berkeche","وادي برقش","4604"
"1476","4607","Aghlal","أغلال","4622"
"1477","4608","Terga","تارقة","4614"
"1478","4609","Ain el arbaa","عين الأربعاء","4609"
"1479","4610","Tamzoura","تامزورة","4609"
"1480","4611","Chentouf","شنتوف","4604"
"1481","4612","Sidi ben adda","سيدي بن عدة","4601"
"1482","4613","Aoubellil","عقب الليل","4622"
"1483","4614","El maleh","المالح","4614"
"1484","4615","Sidi boumediene","سيدي بومدين","4609"
"1485","4616","Oued sebbah","وادي الصباح","4609"
"1486","4617","Ouled boudjemaa","أولاد بوجمعة","4619"
"1487","4618","Ain tolba","عين الطلبة","4622"
"1488","4619","El amria","العامرية","4619"
"1489","4620","Hassi el ghella","حاسي الغلة","4619"
"1490","4621","Hassasna","الحساسنة","4604"
"1491","4622","Ain kihal","عين الكيحل","4622"
"1492","4623","Beni saf","بني صاف","4623"
"1493","4624","Sidi safi","سيدي صافي","4623"
"1494","4625","Oulhaca el gheraba","ولهاصة الغرابة","4625"
"1495","4626","Sidi ouriache","سيدي ورياش","4625"
"1496","4627","Emir abdelkader","الأمير عبد القادر","4623"
"1497","4628","El messaid","المساعيد","4619"
"1498","4701","Ghardaia","غرداية","4701"
"1499","4702","El meniaa","المنيعة","4702"
"1500","4702","El meniaa","المنيعة","4702"
"1501","4703","Dhayet bendhahoua","ضاية بن ضحوة","4703"
"1502","4704","Berriane","بريان","4704"
"1503","4705","Metlili","متليلي","4705"
"1504","4706","El guerrara","القرارة","4706"
"1505","4707","El atteuf","العطف","4710"
"1506","4708","Zelfana","زلفانة","4708"
"1507","4709","Sebseb","سبسب","4705"
"1508","4710","Bounoura","بونورة","4710"
"1509","4711","Hassi fehal","حاسي الفحل","4713"
"1510","4712","Hassi gara","حاسي القارة","4702"
"1511","4712","Hassi gara","حاسي القارة","4702"
"1512","4713","Mansoura","المنصورة","4713"
"1513","4801","Relizane","غليزان","4801"
"1514","4802","Oued-rhiou","وادي رهيو","4802"
"1515","4803","Belaassel bouzagza","بلعسل بوزقزة","4817"
"1516","4804","Sidi saada","سيدي سعادة","4825"
"1517","4805","Ouled aiche","أولاد يعيش","4811"
"1518","4806","Sidi lazreg","سيدي لزرق","4828"
"1519","4807","El h'madna","الحمادنة","4807"
"1520","4808","Sidi m'hamed benali","سيدي أمحمد بن علي","4808"
"1521","4809","Mediouna","مديونة","4808"
"1522","4810","Sidi khettab","سيدي  خطاب","4817"
"1523","4811","Ammi moussa","عمي موسى","4811"
"1524","4812","Zemmoura","زمورة","4812"
"1525","4813","Beni dergoun","بني درقن","4812"
"1526","4814","Djidiouia","جديوية","4814"
"1527","4815","El-guettar","القطار","4822"
"1528","4816","Hamri","حمري","4814"
"1529","4817","El-matmar","المطمر","4817"
"1530","4818","Sidi m'hamed benaouda","سيدي امحمد بن عودة","4817"
"1531","4819","Ain-tarek","عين طارق","4819"
"1532","4820","Oued essalem","وادي السلام","4828"
"1533","4821","Ouarizane","واريزان","4802"
"1534","4822","Mazouna","مازونة","4822"
"1535","4823","Kalaa","القلعة","4825"
"1536","4824","Ain rahma","عين الرحمة","4825"
"1537","4825","Yellel","يلل","4825"
"1538","4826","Oued el djemaa","وادي الجمعة","4807"
"1539","4827","Ramka","الرمكة","4827"
"1540","4828","Mendes","منداس","4828"
"1541","4829","Lahlef","لحلاف","4802"
"1542","4830","Beni zentis","بني زنطيس","4808"
"1543","4831","Souk el had","سوق الحد","4827"
"1544","4832","Dar ben abdelah","دار بن عبد الله","4812"
"1545","4833","El hassi","الحاسي","4811"
"1546","4834","Had echkalla","حد الشكالة","4819"
"1547","4835","Bendaoud","بن داود","4801"
"1548","4836","El ouldja","الولجة","4811"
"1549","4837","Merdja sidi abed","مرجة سيدي عابد","4802"
"1550","4838","Ouled sidi mihoub","أولاد سيدي الميهوب","4814"
